0	placeholder	Micheal	Dolor aut in earum voluptates odit. Et quia in nulla aut non doloribus ut. Qui ut fugiat corrupti architecto non et quaerat enim.	4.981	4.374	4.057	2.082	4.816	4.958	May
1	placeholder	Lavonne	At enim consequatur. Explicabo ut necessitatibus et quo qui tempore vel enim. Enim iste quaerat esse maxime impedit. Culpa et similique qui laudantium sapiente. Iusto aut voluptas doloremque excepturi.	2.413	3.842	4.568	2.91	4.22	4.62	October
2	placeholder	Shakira	Molestiae est consequatur. Est veniam et numquam voluptatem. Maxime sequi porro sapiente earum temporibus dolorem.	3.786	2.369	2.726	3.575	4.531	4.402	November
3	placeholder	Lorenzo	Repellat dolorem qui. Et rerum ut quasi omnis praesentium expedita ex. Voluptas ut omnis et fugiat delectus nihil autem. Rerum quo aliquid id deserunt. Impedit adipisci numquam in iusto et autem aut doloremque nihil.	4.191	4.887	4.133	2.297	4.432	3.829	June
4	placeholder	Evie	Voluptatem aut earum. Omnis id nisi atque impedit delectus dolores beatae. Veritatis rem iusto eius aut non in. Minus ullam sunt omnis et dolor distinctio.	3.556	4.134	2.059	3.763	3.479	3.786	October
5	placeholder	Frida	Voluptas eos eveniet eos magnam. Illum dolorem consequatur eveniet quidem modi quidem et aut. Porro aut aliquid.	2.398	3.285	3.651	2.523	3.853	2.839	December
6	placeholder	Amani	Tempore assumenda et modi. Dignissimos alias totam suscipit. Eveniet quam eligendi ut consequatur nam voluptatum commodi magnam.	2.838	3.29	2.348	3.575	2.438	2.884	November
7	placeholder	Neoma	Numquam magnam autem cupiditate corporis. Itaque sit molestiae corrupti. Est expedita aut quia nostrum labore nihil. Ut accusamus aspernatur recusandae. Necessitatibus velit eum optio nulla.	4.329	2.933	3.809	4.626	2.153	4.074	September
8	placeholder	Consuelo	Rerum id esse voluptas. Qui non vel ad qui voluptas quia suscipit ab expedita. Voluptatem officiis est quam. Pariatur vitae dolorem et non.	4.184	4.699	4.998	4.059	3.448	4.177	January
9	placeholder	Nathanael	Quo veniam et sequi et architecto hic eos maxime dolorem. Velit perferendis dolores laudantium labore sit. Architecto alias expedita. A libero vero quia. Molestias aut est sunt eum molestiae quae voluptatibus.	2.375	4.723	3.411	2.992	2.468	3.616	September
10	placeholder	Leta	Dolor non libero voluptatem autem in et necessitatibus reprehenderit. Quos iure eos commodi sit dignissimos. Impedit dolor ea odio tempora consectetur perferendis aut sunt fugit.	3.9	2.973	3.31	2.495	3.24	3.235	June
11	placeholder	Cecile	Voluptatem nobis et sed quam blanditiis consequatur eligendi dignissimos eveniet. Laudantium aut corrupti eligendi voluptatibus enim omnis. Nam odit reprehenderit voluptas sunt quos consequuntur earum qui eius.	4.18	3.94	3.855	4.346	3.362	3.273	May
12	placeholder	Otis	Assumenda esse sint. Sit labore rerum consectetur doloremque aut aspernatur quod. Ut possimus maiores est esse eligendi quidem dolorum magnam. Itaque in id quo aut facilis sequi accusamus quia omnis.	2.701	2.883	2.916	2.442	3.071	2.846	July
13	placeholder	Lonnie	Perferendis quo nobis dicta inventore voluptatem rerum. Pariatur mollitia distinctio. Natus pariatur et aut porro placeat nostrum qui et ut. Est eos et maiores nisi numquam accusamus qui est et.	3.447	2.97	3.779	3.184	2.311	3.159	October
14	placeholder	Norris	Error aut dicta maxime sit magnam. Aut harum deleniti hic dolores eligendi ut aut aut consequatur. Molestiae ad fugit quo dolore cupiditate. Perferendis perferendis temporibus autem. Magni aut ullam aut molestiae laboriosam. Voluptate ullam reprehenderit aut.	4.285	4.425	2.821	3.441	2.057	2.041	January
15	placeholder	Eleazar	Voluptate et dolores laboriosam ab sed natus sapiente quis. Quas quia mollitia odit recusandae voluptatem ut quaerat. A ipsum quo aut. Doloribus esse sed est consequatur eum. Non exercitationem accusamus ut. Dolor ea neque at nemo.	2.789	2.529	4.183	3.097	2.464	4.51	July
16	placeholder	Margaret	Reprehenderit quidem illum vitae. Adipisci reprehenderit pariatur laborum explicabo. Mollitia suscipit omnis dolor optio.	4.781	2.32	2.099	3.56	2.489	3.893	April
17	placeholder	Sharon	Veritatis reiciendis quis amet similique dolor et unde voluptatum sed. Voluptas sed est quae ipsum ut eligendi. Enim officiis exercitationem possimus aut laboriosam qui rerum. Fuga repellat vitae et rerum recusandae repudiandae exercitationem dolores expedita. Dolorem odio et unde quod et similique dolorum neque non. Illum ea non tempore optio doloribus qui.	4.655	3.551	3.994	4.507	4.312	3.278	November
18	placeholder	Creola	Dicta aut corrupti. Omnis suscipit facilis. Nobis sapiente ullam et laboriosam nihil iure fugiat eos.	4.217	2.827	4.363	2.626	3.713	3.278	February
19	placeholder	Mozell	Enim dignissimos ducimus at similique ab quasi reprehenderit. Aliquam dolores non aspernatur vero quia aut saepe suscipit cum. Ut aspernatur vel. Sed autem neque accusantium illo aut omnis voluptatem odio.	3.353	2.183	4.865	3.206	3.893	4.764	August
20	placeholder	Barney	Aut aspernatur voluptatum temporibus at autem. Quis explicabo enim laborum voluptatem repellendus. Nostrum quisquam eaque. Itaque quia id et deserunt architecto repellendus aut.	2.977	2.713	4.498	2.457	2.361	3.654	February
21	placeholder	Tracy	Praesentium provident similique non commodi nam officia. Qui debitis iusto sed sed explicabo sit qui. Vel consequatur voluptas asperiores praesentium nihil alias pariatur qui. Natus quia a dolorum quibusdam omnis minus est at. Eveniet voluptatem sed minima exercitationem molestias. Aut et nobis sequi rem nemo.	4.814	4.405	2.453	3.634	2.037	2.263	June
22	placeholder	Leilani	Ut veritatis incidunt veritatis ut porro quia molestiae. Delectus dolor laudantium vel minus omnis ad quisquam eveniet nam. Natus molestiae vel. Ipsa a dolorem quia delectus architecto maiores quibusdam. Sit sed earum.	4.787	3.101	2.348	3.847	2.484	4.283	September
23	placeholder	Ryleigh	Dolores nemo aliquam non beatae excepturi iste. Atque sapiente veniam dolor. Similique laudantium nisi necessitatibus sequi sunt quo reprehenderit. Enim qui ut eligendi ducimus tenetur eum laboriosam fugiat modi.	3.548	3.906	3.479	3.682	4.942	2.48	December
24	placeholder	Abelardo	Possimus eos dolorem voluptatem qui quia quod sit ducimus est. Tempora quo fuga facere quibusdam praesentium. Quo libero optio eum aut qui fugit. Ut aut est placeat deserunt culpa maiores et quibusdam. Eos sequi aperiam.	3.08	2.877	2.709	2.002	3.324	4.324	October
25	placeholder	Newell	Vel eligendi est aut veritatis aut quibusdam qui quaerat natus. Ut autem voluptatem temporibus natus nulla itaque. Ea quo velit ipsa ut qui numquam dolorem officiis ipsum.	2.242	4.796	4.383	4.528	4.996	3.788	January
26	placeholder	Guadalupe	Molestiae illum natus deserunt sed sed vitae repellendus iste laborum. Dignissimos recusandae sapiente doloremque rem ut dolorem quis. Sapiente cum qui. Dolore id exercitationem eveniet beatae libero dicta sit et et.	3.64	4.037	2.567	3.109	3.874	4.531	August
27	placeholder	Viola	Doloribus deleniti dolorem sunt qui est sunt voluptatibus. Fugit occaecati deleniti impedit. Reprehenderit architecto occaecati fugiat sit odit.	4.218	4.009	3.958	4.171	2.59	3.577	May
28	placeholder	Connie	Beatae vero ut laboriosam sint corporis perspiciatis commodi modi totam. Expedita voluptatem odit qui rerum soluta assumenda enim. Voluptate facere dolorum in quod a quae. Quasi expedita et sunt quo. Est vel odit rerum. Et ipsum aut qui veritatis maxime.	4.193	2.435	3.965	2.578	3.222	4.883	March
29	placeholder	Sammie	Voluptas hic maiores et magnam maxime velit enim et. Doloremque et atque sint. Unde minima laboriosam in id.	4.281	4.898	2.328	2.135	2.213	3.585	March
30	placeholder	Bessie	Laudantium sed voluptate saepe dolorem at harum assumenda. Est ut enim. Perferendis aut consequatur.	2.142	2.658	4.756	3.838	2.613	4.218	December
31	placeholder	Aron	Adipisci tempora sed enim fugiat molestias harum. Nulla sit nesciunt et non non nisi. Officiis quo perferendis.	2.604	4.217	2.297	4.969	2.56	2.556	January
32	placeholder	Lucio	Soluta hic aliquam quaerat. Fugiat sit similique dolorem molestiae earum architecto totam. Ut aliquam eos sit quidem tempore necessitatibus ab nostrum vel. Voluptatem aut aut non hic enim quibusdam enim ex. Soluta et eum.	3.471	4.29	2.462	3.55	2.571	4.53	December
33	placeholder	Serena	Nisi harum explicabo eius. Dolorem quod cum at amet tenetur. Qui nihil et laudantium amet porro quae.	4.077	4.247	2.264	3.66	3.394	2.672	April
34	placeholder	Cameron	Exercitationem officiis incidunt iusto perferendis numquam incidunt numquam in. Reprehenderit dolorum dolores sunt eos molestiae iure facilis. Recusandae doloremque quibusdam ut non sint.	3.042	2.474	2.002	4.728	2.809	2.608	April
35	placeholder	Holden	Et atque necessitatibus occaecati qui reiciendis distinctio culpa. Et asperiores nihil nobis molestiae. Voluptatem culpa aliquam. Voluptas omnis ea et laboriosam.	2.658	4.34	2.833	2.676	2.83	3.703	September
36	placeholder	Elvie	Voluptates dolorem rerum dignissimos consequatur eos. Ut sit culpa est excepturi laborum occaecati. Et ipsum quisquam esse. Tempore id occaecati ipsa. Aliquid atque consequuntur facere.	3.196	4.246	2.633	3.986	2.732	4.634	October
37	placeholder	Keon	Ut qui velit sint hic veritatis blanditiis et. Dolor porro voluptatem laudantium delectus aut quia voluptatem assumenda. Qui aut ipsam dignissimos nulla.	4.122	4.118	4.651	4.656	4.713	4.669	May
38	placeholder	Anastacio	Consequatur earum in fuga facilis. Rem fugit est. Ratione non vel sed voluptatem. Veniam dolorem aut. Ipsam doloremque officiis doloribus voluptas sunt quidem.	3.889	2.114	4.735	4.469	4.395	2.695	January
39	placeholder	Patience	Aut laborum et. Consequatur velit eveniet pariatur illum. Doloremque occaecati voluptatem optio ut sapiente ab.	4.448	2.875	2.455	4.326	4.503	4.631	April
40	placeholder	Assunta	Ratione est rerum est dicta accusantium error neque ipsa ipsum. Qui consequatur sapiente. Hic facilis ratione. Et repudiandae ex neque ipsa. Eos iusto tenetur qui autem repudiandae quae fuga pariatur dolorum.	2.11	3.935	2.771	4.591	3.482	2.815	August
41	placeholder	Bonita	Odio ipsam ipsum enim nulla nam autem et est. Numquam delectus asperiores animi amet numquam itaque rerum. Ut rem hic voluptatem omnis eos.	3.222	2.158	4.625	3.22	3.503	2.868	June
42	placeholder	Hester	Nesciunt esse nobis qui dolor sunt et consequatur qui. Laudantium sapiente quasi. Dolorem dicta cupiditate voluptatum molestiae amet et excepturi omnis nostrum. Molestias provident dolores accusamus excepturi et.	2.935	3.046	4.914	4.582	3.065	4.789	February
43	placeholder	Flo	Expedita vel dolor exercitationem nihil. Rerum ducimus magni. Quaerat sit vitae.	4.038	4.976	4.131	2.307	2.614	3.653	October
44	placeholder	Megane	Laboriosam omnis eligendi delectus architecto eius minus id. Illo quia error omnis adipisci cupiditate et dignissimos vel sed. Sunt eveniet ad cupiditate iure quia animi et.	2.803	4.856	2.651	3.29	4.101	3.779	August
45	placeholder	Andrew	Earum officia sequi quos totam. Modi occaecati qui ullam. Enim doloribus non consequuntur eum laboriosam dolorum consequatur aliquam rerum.	2.096	4.426	2.87	2.832	4.051	4.626	April
46	placeholder	Alexandria	Non adipisci recusandae doloremque. Veniam non est repellendus inventore delectus. Omnis ipsum necessitatibus. Atque vitae error necessitatibus iste dicta aliquid dolores aperiam odit. Non repellendus facere omnis dicta nemo velit quos odit. Natus velit ab neque vitae.	4.249	3.09	3.899	2.081	4.259	3.826	July
47	placeholder	Myriam	Ut earum dolor quam sequi earum quo soluta ratione. Magnam explicabo tempore voluptatum dicta officia dolorem soluta. Maxime aut asperiores quo accusamus alias ipsum sed. Ab ipsum qui culpa dignissimos.	3.252	2.812	3.252	3.846	2.146	3.44	August
48	placeholder	Rosendo	Dolores unde nam. Ea quia similique dignissimos incidunt voluptas est ut maiores in. Mollitia magnam pariatur rem esse non nulla voluptas sapiente neque. Aspernatur modi autem suscipit alias. Vitae autem omnis deleniti vel illum aut.	2.709	4.452	2.171	2.422	2.043	2.233	November
49	placeholder	Buck	Ratione ratione in eos dolorem vel. Libero rerum omnis qui quasi omnis libero. Est optio quia hic laborum rerum consequuntur. Omnis eum itaque deserunt explicabo beatae eligendi voluptatem voluptatem. Nihil magnam ut sint inventore nam sit at neque consequatur.	2.813	4.78	3.085	2.599	3.395	2.613	January
50	placeholder	Mitchell	Voluptatem velit accusamus officia dolorum. Quia rerum temporibus minima magnam omnis aut rerum harum. Porro maxime sit vitae quisquam odio quaerat ad laudantium consectetur. Praesentium non fugiat.	3.433	3.056	2.463	3.684	3.859	4.591	February
51	placeholder	Angela	Atque voluptas soluta dolores rerum mollitia incidunt. Minus dolor laudantium quis perferendis consequatur cum. Nostrum est numquam soluta. Molestiae illum quidem qui.	4.885	2.79	3.277	4.248	3.264	3.02	December
52	placeholder	Armand	Reprehenderit dicta tenetur veritatis est expedita. Et hic cupiditate accusantium. Dolorem quos voluptatum labore ab sapiente quos. Esse sit laborum aut voluptatem minima rem placeat esse quo.	2.258	4.299	4.861	2.162	4.736	2.657	July
53	placeholder	Tristin	Eum inventore adipisci incidunt porro voluptatem. Repellat perspiciatis voluptatem rerum corporis similique rerum ex molestiae nihil. Dolores nisi saepe et velit dolor illo nobis. Et fugiat officia temporibus.	3.645	4.732	4.295	3.869	4.595	4.24	July
54	placeholder	Bobby	Dignissimos explicabo voluptatem est. Impedit ad voluptatem. Velit provident sunt quasi dolor similique nihil. Quia facilis numquam aut officia. Qui omnis nihil et enim. Voluptates consequatur vitae commodi et vel.	4.884	3.315	3.991	2.34	4.972	2.992	May
55	placeholder	Peyton	Molestiae adipisci minus assumenda. Quidem voluptatem voluptas. Similique accusamus ad. Unde inventore adipisci earum voluptatem occaecati.	2.753	3.215	4.53	3.167	2.179	2.525	September
56	placeholder	Judge	Necessitatibus consequuntur voluptas reiciendis corporis rerum. Voluptates mollitia quia porro et non provident atque deserunt ab. Quisquam odit dignissimos officia doloribus voluptatem assumenda rem voluptatem. Consequatur quod omnis.	4.415	4.374	3.142	4.449	2.37	4.965	July
57	placeholder	Maverick	Expedita eum quis doloribus. Distinctio voluptas velit omnis omnis qui qui. Nihil consequatur beatae. Voluptates adipisci doloribus sunt accusantium quasi soluta. Eum omnis rerum consequatur quidem debitis vitae dolorem.	3.703	3.172	3.679	3.962	3.356	3.753	October
58	placeholder	Elisa	Deleniti suscipit est ab voluptates. Id autem nihil quis sit et ut qui. Illum sint optio.	3.545	3.83	3.087	3.684	3.77	4.941	June
59	placeholder	Rusty	Similique quas quia omnis sint sit dolorum et. Deleniti provident qui placeat facilis corrupti incidunt doloremque dolor. Aut fugiat eos ratione mollitia dignissimos beatae officia. Ipsa non eaque officia at explicabo voluptatum quia perspiciatis. Impedit iure optio autem perspiciatis molestiae officiis.	4.091	2.24	3.337	4.616	3.008	4.628	July
60	placeholder	Lamont	Enim numquam rerum possimus. Sed laboriosam fugiat consequuntur mollitia est vel sed officiis omnis. Ea nam ab doloremque. Placeat dolorum autem culpa explicabo necessitatibus autem eius molestias quae.	2.344	3.65	3.14	3.385	3.521	2.294	May
61	placeholder	Titus	Deserunt sint qui. Porro et quibusdam odio necessitatibus odit voluptas voluptas. Animi vel occaecati culpa.	3.649	3.379	2.381	2.962	4.637	3.826	August
62	placeholder	Kayleigh	Error ea rerum dolor eveniet eum. Tenetur vel quisquam quod neque et qui molestias tempora ipsam. Soluta inventore rerum consequuntur. Illum voluptate ratione ut architecto ratione soluta at. Ut aspernatur consectetur dolor officia consequatur amet non et. Quae quasi suscipit nesciunt non rem voluptas quam.	4.302	2.628	2.6	2.421	4.496	4.222	July
63	placeholder	Vena	Numquam est odio qui non eaque libero expedita. Eos id illum aut aut sit nemo repudiandae ab voluptatibus. Sed vel provident reiciendis dignissimos laboriosam et rem minima repudiandae.	3.328	2.057	2.162	2.339	4.417	2.469	August
64	placeholder	Johathan	Aut animi at consequatur in dolorem molestiae. Ullam dicta nostrum dicta aut quis rerum eum dignissimos. Doloribus pariatur et velit et nihil fugit ullam consectetur. Asperiores voluptatem et non. Quaerat sunt quos sint soluta natus cum pariatur. Voluptas voluptates sequi eius impedit.	4.386	3.651	4.955	3.351	4.383	4.671	January
65	placeholder	Virgie	Voluptate eum qui nemo quia. Totam sequi qui dignissimos qui aperiam commodi laboriosam. Delectus qui aut sit blanditiis nostrum. Cum consequatur tempore. Nemo porro quo tempore neque aut aut. Sunt vel laborum voluptas nobis quidem enim.	2.222	4.434	4.987	3.813	4.049	4.656	May
66	placeholder	Earline	Sed recusandae quibusdam aut aut aut natus aut qui vel. Sit officiis voluptatibus perspiciatis est exercitationem dolores eaque. Qui quidem natus dolor. Molestiae amet aut ratione quos ut. Exercitationem sed a quia expedita.	3.604	3.307	3.824	2.447	2.086	2.497	October
67	placeholder	Alexanne	Beatae quisquam at ad aspernatur. Omnis rerum tenetur. Fugit porro veniam. Enim quod eveniet est nihil modi.	4.076	3.37	3.603	3.764	4.447	3.466	February
68	placeholder	Christ	Corporis ipsam ut dolore in nemo adipisci. Incidunt cum magni quia. Corrupti veniam blanditiis excepturi voluptas quis hic laboriosam blanditiis.	3.269	4.183	2.793	3.075	3.691	3.185	April
69	placeholder	Ettie	Qui reprehenderit quia. Aut vel voluptatibus. Blanditiis in nesciunt. Quia aut dolor est error consequatur voluptas. Itaque dicta omnis ut voluptatum aut nisi modi quasi placeat.	4.056	3.265	3.918	3.991	3.359	4.296	July
70	placeholder	Tyra	Totam commodi placeat. Molestias temporibus quia tenetur impedit qui. Reiciendis possimus pariatur aliquid perferendis officia similique. Nostrum quos maiores aut omnis et. Illum esse recusandae. Id iure iure consequatur sint quis.	2.611	3.796	2.925	2.447	2.555	4.546	December
71	placeholder	Helena	Et voluptas ea amet sapiente laudantium at repellat. Id expedita perferendis. Autem eveniet fugiat nulla hic rem. Unde et sequi tenetur vel ipsam. Quo odit quaerat. Et tempore rerum quam consequatur pariatur magni aliquid.	4.694	2.061	2.284	4.042	2.984	3.244	April
72	placeholder	Winfield	Incidunt eum quia minus. Modi veniam optio dignissimos qui eligendi accusamus vel beatae. Qui consectetur voluptatem et aut temporibus nihil dolorum eaque. Est eius eos rerum quis distinctio veritatis ut magnam et.	4.795	3.642	4.371	4.629	4.735	3.306	October
73	placeholder	Jaren	Vel repellat magnam vel iusto voluptas dolor sunt. Consequatur natus dolor nulla consectetur. Rerum assumenda adipisci molestiae omnis aut error fugiat.	2.176	2.935	2.644	4.608	3.358	4.863	February
74	placeholder	Ilene	Culpa sapiente maxime error quo tempora veritatis voluptas corrupti. Dolorem consequatur sint nulla eos esse reprehenderit aliquid. Voluptas non sunt aperiam est aut quisquam possimus et. Quis soluta qui labore dolor quo nihil animi.	4.891	3.813	4.73	4.144	2.162	2.307	November
75	placeholder	Mozell	Neque quia dolores aut porro et alias unde. Perspiciatis sint ea non qui aut nihil nihil et. Laborum ut sed consequatur fugit atque ut quidem vero. Harum tempora sequi.	3.382	3.96	3.494	3.319	2.264	4.982	January
76	placeholder	Rosalinda	Eaque excepturi doloremque aliquid. Et sed autem et sunt impedit qui. Asperiores expedita cum possimus adipisci quam voluptas temporibus similique. Nisi esse consequuntur tenetur aliquid ut.	3.733	2.081	4.242	4.537	4.865	2.092	October
77	placeholder	Gerardo	Cumque inventore aut et consequuntur iste quisquam alias vero. Dolores omnis repellat placeat occaecati. Magnam et rerum qui enim consequatur. In velit commodi velit totam omnis. Iste laudantium culpa sed. Modi officia fugit nobis vel rerum optio et.	2.58	2.559	2.843	4.7	3.726	3.775	February
78	placeholder	Connor	Debitis error vel pariatur et suscipit eius eligendi sit. Deleniti quia fuga unde officiis expedita repudiandae. Sed in deleniti accusantium. Vero ad incidunt autem reiciendis. Tempore autem molestias sit et est non voluptate non.	4.634	4.07	3.94	2.873	2.047	2.482	May
79	placeholder	Carissa	Ipsa explicabo corrupti sapiente hic beatae. Molestiae inventore impedit aut. Error ex animi aut nostrum. Qui culpa in sint. Dicta sequi quae molestias minima rerum eos temporibus et. Laborum veniam doloremque dolores consequuntur optio dolorum quis.	4.62	2.178	2.86	2.577	4.592	2.54	May
80	placeholder	Myrtice	Delectus omnis maxime. Autem tenetur vitae alias. Aut saepe et dolorum. Quia assumenda numquam magnam vitae eveniet ut. Eos laboriosam accusamus quibusdam voluptatem numquam porro perferendis culpa.	2.122	3.411	4.234	4.415	3.825	2.577	October
81	placeholder	Austyn	Adipisci quae animi expedita harum autem dicta ducimus. Est quasi debitis ea velit sed eum. Consequuntur cum tempora ullam consequuntur eaque. Vero adipisci a vel et et voluptas sit at. Dolorem ab repellat et repellat accusantium facere est illo. Voluptas fugit doloribus maxime.	2.506	4.203	3.081	4.145	2.259	3.495	March
82	placeholder	Kenna	Quibusdam non rem qui impedit cupiditate ducimus quasi voluptatem voluptatem. Ipsa repellendus sunt dolorum accusamus nihil non aut et tempora. Qui nam neque amet velit sit architecto nisi rerum.	2.59	4.546	4.612	3.504	2.305	2.532	April
83	placeholder	Whitney	Quae recusandae animi. Repudiandae omnis sit molestias a rerum ab. Molestias libero qui rerum voluptatum enim nulla.	4.352	2.797	3.677	4.254	3.329	2.468	October
84	placeholder	Abigayle	Debitis quos voluptatum ut nihil commodi qui molestiae in expedita. Hic aut accusamus eum ratione reiciendis molestiae eligendi est consequatur. Architecto expedita iure veritatis porro ipsam neque incidunt dolor. Exercitationem qui perspiciatis sit. Et ipsam tempora fugit est qui.	2.531	3.705	2.281	2.985	2.466	2.842	September
85	placeholder	Webster	Aut error dicta unde quidem nobis. Ut voluptatum consequatur repellendus. Quis minima in. Fuga molestiae quia reprehenderit nulla neque veritatis tenetur veniam quis. Fuga sint aut consequatur. Blanditiis vel ut sint dolores odio.	4.154	4.09	2.872	3.748	2.251	3.251	June
86	placeholder	Willie	Sit numquam minima aut. Ullam esse nobis. Nobis non dignissimos voluptatum qui qui. Animi aspernatur ex consectetur. Itaque laudantium quo. Aut possimus molestiae qui.	3.707	4.704	3.422	3.197	4.452	2.223	August
87	placeholder	Fiona	Culpa sint quae iusto. Eum natus est aut sint error quas at. Aut accusamus ipsa aut excepturi ipsa veniam molestiae. Magnam ea inventore numquam.	3.085	2.496	4.74	2.357	3.161	3.57	May
88	placeholder	Trisha	Cumque ipsam consequatur consequatur veniam. Adipisci illum consequuntur ipsam facere quasi. Eius quaerat voluptas. Non rerum a amet ducimus temporibus vero atque laudantium et.	3.845	4.56	4.407	4.022	4.214	2.971	January
89	placeholder	Oswald	Debitis voluptatibus voluptatem id ea. Quas ab officiis et ut fugit qui porro praesentium esse. Et quas commodi aut molestias quidem est placeat aliquid alias.	2.116	3.776	2.701	2.568	3.885	4.48	June
90	placeholder	Lenny	Iure saepe mollitia vitae omnis voluptas incidunt soluta. Sint qui eos iusto. Rerum quia sunt vitae quidem ut. Harum reprehenderit non perspiciatis est incidunt ipsa aspernatur.	4.798	2.682	4.91	4.888	2.19	4.154	August
91	placeholder	Theodore	Voluptate eos magnam a adipisci consequatur iure repellat. Ipsam ad voluptatem qui non. Voluptatem ad quia ipsum quo error ut voluptatem ea omnis. Sed ipsam est fuga excepturi quia commodi sunt molestiae. Tenetur ut perferendis ea reprehenderit et et.	2.728	2.876	4.592	2.606	3.765	4.598	September
92	placeholder	Daniela	Dolores facilis ea non qui in non earum rerum. Et qui cupiditate voluptatem. Et magni aliquid minus ut et earum alias pariatur adipisci.	4.022	3.187	2.891	3.431	3.454	4.382	April
93	placeholder	Sandra	Omnis voluptatum mollitia. Quo amet est. Explicabo nesciunt vel. Officiis aut autem a commodi. Sunt quia ut quod molestias et sint. Sint provident in placeat natus et voluptas.	3.493	2.98	3.311	4.474	3.373	3.015	May
94	placeholder	Alexie	Enim voluptatem neque. Est autem maxime et et voluptatem. Consectetur voluptas ad sint maiores nulla iste. Qui voluptatem autem consectetur hic voluptatum quidem. Cupiditate est omnis ut delectus facere facere quia libero repudiandae. Doloribus iusto consequatur iste quos est deleniti molestiae voluptatum.	3.587	3.91	3.387	3.267	4.661	3.21	February
95	placeholder	Mallie	Debitis officia quae. Numquam dicta architecto et nisi eligendi dolor aut. Dolorem enim quod libero magni vero quidem.	3.203	3.576	2.113	3.833	4.798	3.659	June
96	placeholder	Angela	Est quo accusamus sed at. Enim aut quaerat nihil et autem atque. Ipsam tempora recusandae deleniti voluptas repellat sunt aut vel et.	4.468	2.314	4.579	2.24	2.583	2.192	March
97	placeholder	Alysson	Alias optio optio. Aut voluptatem odit tempore qui totam. Quo natus temporibus ut recusandae voluptatem mollitia. Minus et laudantium ratione quia temporibus repellat ut rerum. Quo ut ut illo voluptas.	4.134	4.637	2.971	2.958	2.438	3.922	December
98	placeholder	Alverta	Modi magnam aut id dolores corrupti ut deserunt. Eos est facere. Optio placeat eligendi ea voluptas non. Et maxime perferendis nulla. Officiis placeat maiores porro sapiente est neque rerum.	2.819	3.669	2.665	4.025	4.578	2.192	April
99	placeholder	Aaron	Eos id tempora optio qui deleniti voluptatum eveniet tempora veritatis. Ipsum quo tempora quod voluptates. Debitis consequatur earum quae eligendi voluptatem voluptas non numquam. Dolores soluta voluptatem necessitatibus voluptatum quae. Placeat est mollitia debitis corporis in sit quia. Eaque voluptatem debitis enim qui distinctio repellendus.	2.886	2.371	2.091	2.1	2.116	2.201	July
100	placeholder	Meda	Minus ab ut beatae provident magni est quia. Asperiores ratione possimus repellat temporibus sit expedita aspernatur a quidem. Sed beatae et mollitia necessitatibus voluptates perspiciatis. Et debitis reiciendis similique autem aut id sed dignissimos. Consequuntur aut eum iusto quis in magni eveniet perspiciatis. Inventore ad provident nisi.	2.52	3.523	2.231	4.835	3.469	3.469	July
